{
  "model": "Logistic Regression",
  "roc_auc": 0.9999883933012768,
  "pr_auc": 0.9999495671634833,
  "brier": 0.004650069542532277,
  "accuracy": 0.9955
}